{
  "Independent GP": {
    "Y1 RMSE": 0.579755519285076,
    "Y1 NLPD": 0.871011320086649,
    "Y2 RMSE": 0.03714445326904099,
    "Y2 NLPD": -0.44920355899184994,
    "Y3 RMSE": 219.80806483283618,
    "Y3 NLPD": 11.826474141757942,
    "Y4 RMSE": 16.73911173463032,
    "Y4 NLPD": 4.4925805521111615
  },
  "ICM (Q=1)": {
    "Y1 RMSE": 0.4378831577446119,
    "Y1 NLPD": 3.324608883621205,
    "Y2 RMSE": 0.086883278492393,
    "Y2 NLPD": 2.538004355648624,
    "Y3 RMSE": 54.283115120918005,
    "Y3 NLPD": 8.689846410508528,
    "Y4 RMSE": 18.164172466181224,
    "Y4 NLPD": 7.298523900987743
  },
  "LCM (Q=2)": {
    "Y1 RMSE": 0.45440710747972346,
    "Y1 NLPD": 0.6302394108822371,
    "Y2 RMSE": 0.04754048524589805,
    "Y2 NLPD": -0.10214969124384818,
    "Y3 RMSE": 55.169517573497494,
    "Y3 NLPD": 5.387648619086385,
    "Y4 RMSE": 29.610638655080567,
    "Y4 NLPD": 4.80622274849688
  }
}