{
  "Independent GP": {
    "Y1 RMSE": 0.37075233754177167,
    "Y1 NLPD": 0.46933002964776926,
    "Y2 RMSE": 0.03210471303906166,
    "Y2 NLPD": -0.5081454734278381,
    "Y3 RMSE": 51.84517386907968,
    "Y3 NLPD": 5.307565328490443,
    "Y4 RMSE": 15.76479289630137,
    "Y4 NLPD": 4.257760539004339
  },
  "ICM (Q=1)": {
    "Y1 RMSE": 0.44351686014224606,
    "Y1 NLPD": 3.3811698683257236,
    "Y2 RMSE": 0.08474649171815617,
    "Y2 NLPD": 2.553778454306091,
    "Y3 RMSE": 55.676688092004,
    "Y3 NLPD": 8.759151008832795,
    "Y4 RMSE": 18.369181514999504,
    "Y4 NLPD": 7.363158700423329
  },
  "LCM (Q=2)": {
    "Y1 RMSE": 0.45331942454487295,
    "Y1 NLPD": 0.6276524605237142,
    "Y2 RMSE": 0.06831543726132185,
    "Y2 NLPD": -0.07161323309275887,
    "Y3 RMSE": 54.025732432467095,
    "Y3 NLPD": 5.364538112656733,
    "Y4 RMSE": 29.982605276246616,
    "Y4 NLPD": 4.818333035867269
  },
  "Deep Ensemble MLP": {
    "Y1 RMSE": 0.34347521114235263,
    "Y1 NLPD": 0.35848907699598836,
    "Y2 RMSE": 0.10621670915622287,
    "Y2 NLPD": -0.38525816131591295,
    "Y3 RMSE": 46.34644026961506,
    "Y3 NLPD": 5.17641418134146,
    "Y4 RMSE": 15.076310234605813,
    "Y4 NLPD": 4.107794954529544
  }
}