{
  "Independent GP": {
    "Y1 RMSE": 13.527853601937773,
    "Y1 NLPD": 114.38768206607692,
    "Y2 RMSE": 3.6557910024434643,
    "Y2 NLPD": 36971.697640407765,
    "Y3 RMSE": 55.97128073172035,
    "Y3 NLPD": 40.214993506188655,
    "Y4 RMSE": 18.096593744527055,
    "Y4 NLPD": 6.828173938761222
  },
  "ICM (Q=1)": {
    "Y1 RMSE": 0.48815470913622305,
    "Y1 NLPD": 118384.64214019818,
    "Y2 RMSE": 1.5193172007009037,
    "Y2 NLPD": 904905.5990447358,
    "Y3 RMSE": 50.820665847491696,
    "Y3 NLPD": 1291369909.9288254,
    "Y4 RMSE": 19.134255734101913,
    "Y4 NLPD": 183059847.87043574
  },
  "LCM (Q=2)": {
    "Y1 RMSE": 0.8694875440480333,
    "Y1 NLPD": 2.0355634120376713,
    "Y2 RMSE": 5.039534809118514,
    "Y2 NLPD": 3.0987023254203807,
    "Y3 RMSE": 47.77546449634506,
    "Y3 NLPD": 27.084781362553038,
    "Y4 RMSE": 17.084833772855067,
    "Y4 NLPD": 9.251026849791877
  },
  "Deep Ensemble MLP": {
    "Y1 RMSE": 0.37127851868274114,
    "Y1 NLPD": 0.44909330176657924,
    "Y2 RMSE": 0.3628451237177485,
    "Y2 NLPD": 0.5231862079992389,
    "Y3 RMSE": 47.59523744519687,
    "Y3 NLPD": 5.25406323926393,
    "Y4 RMSE": 17.231447360386618,
    "Y4 NLPD": 4.258535887088539
  }
}