{
  "Independent GP": {
    "Y1 RMSE": 0.4194378208696146,
    "Y1 NLPD": 0.551745960588361,
    "Y2 RMSE": 0.030824370462439514,
    "Y2 NLPD": -2.061117861041478,
    "Y3 RMSE": 79.55776104269755,
    "Y3 NLPD": 5.878051882025938,
    "Y4 RMSE": 23.750745897887278,
    "Y4 NLPD": 4.597253119674896
  },
  "ICM (Q=1)": {
    "Y1 RMSE": 0.38508639698982555,
    "Y1 NLPD": 0.43380368584151374,
    "Y2 RMSE": 0.20176437585543244,
    "Y2 NLPD": 0.15295464380523113,
    "Y3 RMSE": 69.4559869735475,
    "Y3 NLPD": 5.900971942288717,
    "Y4 RMSE": 20.928474598040097,
    "Y4 NLPD": 4.464004958262035
  },
  "LCM (Q=2)": {
    "Y1 RMSE": 0.4033282037974365,
    "Y1 NLPD": 0.5024616133233173,
    "Y2 RMSE": 0.03873819709866143,
    "Y2 NLPD": -1.9162087108719619,
    "Y3 RMSE": 80.48523940148412,
    "Y3 NLPD": 5.824751844750319,
    "Y4 RMSE": 23.951897093697827,
    "Y4 NLPD": 4.592411576058237
  }
}