{
  "Independent GP": {
    "Y1 RMSE": 0.37075233754177167,
    "Y1 NLPD": 0.46933002964776926,
    "Y2 RMSE": 0.03210471303906166,
    "Y2 NLPD": -0.5081454734278381,
    "Y3 RMSE": 51.84517386907968,
    "Y3 NLPD": 5.307565328490443,
    "Y4 RMSE": 15.76479289630137,
    "Y4 NLPD": 4.257760539004339
  }
}