{
  "Independent GP": {
    "Y1 RMSE": 0.4194378208696146,
    "Y1 NLPD": 0.551745960588361,
    "Y2 RMSE": 0.030824370462439514,
    "Y2 NLPD": -2.061117861041478,
    "Y3 RMSE": 79.55776104269755,
    "Y3 NLPD": 5.878051882025938,
    "Y4 RMSE": 23.750745897887278,
    "Y4 NLPD": 4.597253119674896
  }
}