{
  "Independent GP": {
    "Y1 RMSE": 0.579755519285076,
    "Y1 NLPD": 0.871011320086649,
    "Y2 RMSE": 0.03714445326904099,
    "Y2 NLPD": -0.44920355899184994,
    "Y3 RMSE": 219.80806483283618,
    "Y3 NLPD": 11.826474141757942,
    "Y4 RMSE": 16.73911173463032,
    "Y4 NLPD": 4.4925805521111615
  }
}