{
  "Independent GP": {
    "Y1 RMSE": 13.527853601937773,
    "Y1 NLPD": 114.38768206607692,
    "Y2 RMSE": 3.6557910024434643,
    "Y2 NLPD": 36971.697640407765,
    "Y3 RMSE": 55.97128073172035,
    "Y3 NLPD": 40.214993506188655,
    "Y4 RMSE": 18.096593744527055,
    "Y4 NLPD": 6.828173938761222
  }
}